,Payment,Principal,Interest,Extra Principal,Balance
1,1358.441532397793,359.441532397793,999.0,6235.0,263405.5584676022
2,1358.441532397793,383.8409660676649,974.6005663301281,3400.0,259621.7175015345
3,1358.441532397793,397.8411776421153,960.6003547556777,1475.0,257748.8763238924
4,1358.441532397793,404.77068999939115,953.6708423984019,1200.0,256144.105633893
5,1358.441532397793,410.7083415523889,947.7331908454041,1525.0,254208.3972923406
6,1358.441532397793,417.8704624161327,940.5710699816603,1175.0,252615.5268299245
7,1358.441532397793,423.76408312707235,934.6774492707207,0.0,252191.7627467974
8,1358.441532397793,425.33201023464255,933.1095221631505,0.0,251766.43073656276
9,1358.441532397793,426.9057386725108,931.5357937252822,0.0,251339.52499789026
10,1358.441532397793,428.4852899055991,929.956242492194,0.0,250911.03970798466
11,1358.441532397793,430.07068547824974,928.3708469195433,200.0,250280.9690225064
12,1358.441532397793,432.40194701451924,926.0395853832738,1000.0,248848.56707549188
13,1358.441532397793,437.701834218473,920.73969817932,200.0,248210.86524127342
14,1358.441532397793,440.06133100508134,918.3802013927117,200.0,247570.80391026835
15,1358.441532397793,442.4295579298001,916.0119744679929,200.0,246928.37435233855
16,1358.441532397793,444.8065472941404,913.6349851036526,200.0,246283.5678050444
17,1358.441532397793,447.19233151912863,911.2492008786644,200.0,245636.3754735253
18,1358.441532397793,449.5869431457494,908.8545892520436,200.0,244986.78853037953
19,1358.441532397793,451.9904148353887,906.4511175624043,200.0,244334.79811554414
20,1358.441532397793,454.40277937027963,904.0387530275134,200.0,243680.39533617385
21,1358.441532397793,456.8240696539498,901.6174627438432,200.0,243023.5712665199
22,1358.441532397793,459.2543187116694,899.1872136861236,200.0,242364.31694780823
23,1358.441532397793,461.6935596909026,896.7479727068904,2550.0,239352.62338811732
24,1358.441532397793,472.83682586175894,885.6047065360341,200.0,238679.78656225555
25,1358.441532397793,475.3263221174475,883.1152102803455,2550.0,235654.4602401381
26,1358.441532397793,486.5200295092819,871.9215028885111,200.0,234967.94021062882
27,1358.441532397793,489.0601536184664,869.3813787793266,2075.0,232403.88005701036
28,1358.441532397793,498.5471761868547,859.8943562109383,5566.0,226339.3328808235
29,1358.441532397793,520.986000738746,837.455531659047,200.0,225618.34688008475
30,1358.441532397793,523.6536489414794,834.7878834563136,200.0,224894.69323114326
31,1358.441532397793,526.3311674425629,832.1103649552301,3200.0,221168.3620637007
32,1358.441532397793,540.1185927621003,818.3229396356927,200.0,220428.2434709386
33,1358.441532397793,542.8570315553201,815.584500842473,200.0,219685.3864393833
34,1358.441532397793,545.6056025720748,812.8359298257183,3085.0,216054.78083681123
35,1358.441532397793,559.0388433015914,799.4026890962016,200.0,215295.74199350964
36,1358.441532397793,561.8472870218073,796.5942453759857,200.0,214533.89470648783
37,1358.441532397793,564.666121983788,793.775410414005,200.0,213769.22858450405
38,1358.441532397793,567.495386635128,790.946145762665,200.0,213001.73319786892
39,1358.441532397793,570.335119565678,788.106412832115,200.0,212231.39807830323
40,1358.441532397793,573.1853595080711,785.2561728897219,200.0,211458.21271879517
41,1358.441532397793,576.0461453382509,782.3953870595421,0.0,210882.16657345693
42,1358.441532397793,578.1775160760023,780.2640163217907,0.0,210303.9890573809
43,1358.441532397793,580.3167728854836,778.1247595123094,0.0,209723.67228449543
44,1358.441532397793,582.4639449451599,775.9775874526331,0.0,209141.20833955027
45,1358.441532397793,584.619061541457,773.822470856336,0.0,208556.58927800882
46,1358.441532397793,586.7821520691604,771.6593803286327,0.0,207969.80712593967
47,1358.441532397793,588.9532460318162,769.4882863659768,0.0,207380.85387990784
48,1358.441532397793,591.132373042134,767.3091593556591,0.0,206789.7215068657
49,1358.441532397793,593.3195628223899,765.1219695754031,0.0,206196.40194404332
50,1358.441532397793,595.5148452048327,762.9266871929603,1.0,205599.8870988385
51,1358.441532397793,597.7219501320906,760.7195822657025,0.0,205002.1651487064
52,1358.441532397793,599.9335213475792,758.5080110502138,0.0,204402.23162735882
53,1358.441532397793,602.1532753765654,756.2882570212277,0.0,203800.07835198226
54,1358.441532397793,604.3812424954587,754.0602899023344,0.0,203195.6971094868
55,1358.441532397793,606.6174530926919,751.8240793051011,0.0,202589.0796563941
56,1358.441532397793,608.8619376691348,749.5795947286582,0.0,201980.21771872498
57,1358.441532397793,611.1147268385106,747.3268055592824,0.0,201369.10299188647
58,1358.441532397793,613.375851327813,745.06568106998,0.0,200755.72714055865
59,1358.441532397793,615.6453419777259,742.7961904200671,0.0,200140.0817985809
60,1358.441532397793,617.9232297430436,740.5183026547494,0.0,199522.15856883785
61,1358.441532397793,620.2095456930929,738.2319867047001,0.0,198901.94902314476
62,1358.441532397793,622.5043210121574,735.9372113856356,0.0,198279.4447021326
63,1358.441532397793,624.8075869999024,733.6339453978907,0.0,197654.6371151327
64,1358.441532397793,627.119375071802,731.322157325991,0.0,197027.5177400609
65,1358.441532397793,629.4397167595677,729.0018156382254,0.0,196398.07802330132
66,1358.441532397793,631.7686437115781,726.672888686215,0.0,195766.30937958974
67,1358.441532397793,634.106187693311,724.335344704482,0.0,195132.20319189643
68,1358.441532397793,636.4523805877761,721.9891518100169,0.0,194495.75081130865
69,1358.441532397793,638.807254395951,719.6342780018421,0.0,193856.9435569127
70,1358.441532397793,641.170841237216,717.270691160577,0.0,193215.7727156755
71,1358.441532397793,643.5431733497936,714.8983590479994,0.0,192572.22954232572
72,1358.441532397793,645.9242830911878,712.5172493066052,0.0,191926.30525923453
73,1358.441532397793,648.3142029386253,710.1273294591678,2000.0,189277.9910562959
74,1358.441532397793,658.1129654894982,700.3285669082949,0.0,188619.8780908064
75,1358.441532397793,660.5479834618094,697.8935489359836,2000.0,185959.33010734458
76,1358.441532397793,670.392011000618,688.049521397175,0.0,185288.93809634395
77,1358.441532397793,672.8724614413204,685.5690709564726,0.0,184616.06563490262
78,1358.441532397793,675.3620895486533,683.0794428491397,0.0,183940.70354535396
79,1358.441532397793,677.8609292799833,680.5806031178097,0.0,183262.84261607396
80,1358.441532397793,680.3690147183194,678.0725176794737,0.0,182582.47360135565
81,1358.441532397793,682.8863800727771,675.5551523250159,0.0,181899.58722128288
82,1358.441532397793,685.4130596790463,673.0284727187467,0.0,181214.17416160385
83,1358.441532397793,687.9490879998588,670.4924443979343,0.0,180526.225073604
84,1358.441532397793,690.4944996254582,667.9470327723349,0.0,179835.73057397854
85,1358.441532397793,693.0493292740724,665.3922031237206,0.0,179142.68124470446
86,1358.441532397793,695.6136117923865,662.8279206054066,0.0,178447.06763291208
87,1358.441532397793,698.1873821560183,660.2541502417747,0.0,177748.88025075605
88,1358.441532397793,700.7706754699956,657.6708569277974,0.0,177048.10957528604
89,1358.441532397793,703.3635269692346,655.0780054285584,2000.0,174344.7460483168
90,1358.441532397793,713.3659720190209,645.0755603787721,0.0,173631.38007629776
91,1358.441532397793,716.0054261154913,642.4361062823017,0.0,172915.37465018226
92,1358.441532397793,718.6546461921187,639.7868862056744,0.0,172196.72000399014
93,1358.441532397793,721.3136683830295,637.1278640147635,0.0,171475.4063356071
94,1358.441532397793,723.9825289560467,634.4590034417463,0.0,170751.42380665106
95,1358.441532397793,726.6612643131841,631.7802680846089,0.0,170024.76254233788
96,1358.441532397793,729.3499109911429,629.0916214066501,0.0,169295.41263134673
97,1358.441532397793,732.04850566181,626.393026735983,0.0,168563.36412568492
98,1358.441532397793,734.7570851327588,623.6844472650342,0.0,167828.60704055216
99,1358.441532397793,737.47568634775,620.9658460500431,0.0,167091.1313542044
100,1358.441532397793,740.2043463872367,618.2371860105563,0.0,166350.92700781717
101,1358.441532397793,742.9431024688695,615.4984299289235,2000.0,163607.9839053483
102,1358.441532397793,753.0919919480043,605.3495404497887,0.0,162854.8919134003
103,1358.441532397793,755.8784323182119,602.5631000795811,0.0,162099.01348108207
104,1358.441532397793,758.6751825177893,599.7663498800038,0.0,161340.33829856428
105,1358.441532397793,761.4822806931052,596.9592517046879,0.0,160578.85601787118
106,1358.441532397793,764.2997651316697,594.1417672661233,0.0,159814.5562527395
107,1358.441532397793,767.1276742626568,591.3138581351362,0.0,159047.42857847686
108,1358.441532397793,769.9660466574286,588.4754857403644,0.0,158277.46253181942
109,1358.441532397793,772.8149210300612,585.6266113677318,0.0,157504.64761078937
110,1358.441532397793,775.6743362378724,582.7671961599207,0.0,156728.9732745515
111,1358.441532397793,778.5443312819524,579.8972011158406,1000.0,154950.42894326957
112,1358.441532397793,785.1249453076956,573.3165870900974,500.0,153665.30399796186
113,1358.441532397793,789.8799076053341,568.5616247924589,500.0,152375.42409035654
114,1358.441532397793,794.6524632634738,563.7890691343192,1000.0,150580.77162709305
115,1358.441532397793,801.2926773775487,557.1488550202444,1000.0,148779.4789497155
116,1358.441532397793,807.9574602838456,550.4840721139474,1000.0,146971.52148943165
117,1358.441532397793,814.6469028868959,543.7946295108972,1000.0,145156.87458654476
118,1358.441532397793,821.3610964275774,537.0804359702156,300.0,144035.51349011718
119,1358.441532397793,825.5101324843595,532.9313999134336,400.0,142810.0033576328
120,1358.441532397793,830.0445199745516,528.3970124232414,500.0,141479.95883765825
121,1358.441532397793,834.9656846984575,523.4758476993355,500.0,140144.9931529598
122,1358.441532397793,839.9050577318418,518.5364746659512,500.0,138805.08809522795
123,1358.441532397793,844.8627064454496,513.5788259523434,500.0,137460.2253887825
124,1358.441532397793,849.8386984592978,508.6028339384953,1100.0,135510.3866903232
125,1358.441532397793,857.0531016435971,501.3884307541959,1000.0,133653.3335886796
126,1358.441532397793,863.9241981196785,494.51733427811456,0.0,132789.40939055994
127,1358.441532397793,867.1207176527212,491.3208147450718,0.0,131922.28867290722
128,1358.441532397793,870.3290643080363,488.11246808975676,0.0,131051.95960859918
129,1358.441532397793,873.5492818459761,484.89225055181697,0.0,130178.4103267532
130,1358.441532397793,876.7814141888061,481.6601182089869,0.0,129301.6289125644
131,1358.441532397793,880.0255054213047,478.4160269764883,0.0,128421.60340714309
132,1358.441532397793,883.2815997913635,475.15993260642944,0.0,127538.32180735173
133,1358.441532397793,886.5497417105917,471.8917906872014,0.0,126651.77206564114
134,1358.441532397793,889.8299757549207,468.61155664287224,0.0,125761.94208988622
135,1358.441532397793,893.1223466652141,465.319185732579,0.0,124868.819743221
136,1358.441532397793,896.4268993478753,462.01463304991773,0.0,123972.39284387312
137,1358.441532397793,899.7436788754624,458.6978535223306,0.0,123072.64916499767
138,1358.441532397793,903.0727304873017,455.3688019104914,0.0,122169.57643451037
139,1358.441532397793,906.4140995901046,452.0274328076884,0.0,121263.16233492026
140,1358.441532397793,909.767831758588,448.673700639205,0.0,120353.39450316167
141,1358.441532397793,913.1339727360948,445.30755966169824,0.0,119440.26053042558
142,1358.441532397793,916.5125684352183,441.9289639625747,0.0,118523.74796199036
143,1358.441532397793,919.9036649384286,438.53786745936435,0.0,117603.84429705194
144,1358.441532397793,923.3073084987009,435.1342238990922,0.0,116680.53698855324
145,1358.441532397793,926.723545540146,431.717986857647,0.0,115753.81344301309
146,1358.441532397793,930.1524226586446,428.28910973914844,0.0,114823.66102035444
147,1358.441532397793,933.5939866224816,424.84754577531146,0.0,113890.06703373196
148,1358.441532397793,937.0482843729848,421.39324802480826,0.0,112953.01874935898
149,1358.441532397793,940.5153630251648,417.92616937262824,0.0,112012.50338633382
150,1358.441532397793,943.9952698683578,414.44626252943516,0.0,111068.50811646545
151,1358.441532397793,947.4880523668708,410.9534800309222,0.0,110121.02006409859
152,1358.441532397793,950.9937581606282,407.44777423716477,0.0,109170.02630593796
153,1358.441532397793,954.5124350658225,403.92909733197047,0.0,108215.51387087215
154,1358.441532397793,958.044131075566,400.397401322227,0.0,107257.46973979658
155,1358.441532397793,961.5888943605457,396.85263803724735,0.0,106295.88084543604
156,1358.441532397793,965.1467732696797,393.29475912811336,0.0,105330.73407216636
157,1358.441532397793,968.7178163307774,389.7237160670156,0.0,104362.01625583558
158,1358.441532397793,972.3020722512014,386.13946014659166,0.0,103389.71418358438
159,1358.441532397793,975.8995899185309,382.5419424792622,0.0,102413.81459366585
160,1358.441532397793,979.5104184012293,378.9311139965637,0.0,101434.30417526462
161,1358.441532397793,983.1346069493138,375.30692544847915,0.0,100451.16956831531
162,1358.441532397793,986.7722049950264,371.66932740276667,0.0,99464.39736332028
163,1358.441532397793,990.423262153508,368.0182702442851,0.0,98473.97410116678
164,1358.441532397793,994.087828223476,364.3537041743171,0.0,97479.8862729433
165,1358.441532397793,997.7659531879028,360.67557920989026,0.0,96482.1203197554
166,1358.441532397793,1001.457687214698,356.983845183095,0.0,95480.6626325407
167,1358.441532397793,1005.1630806573924,353.2784517404006,0.0,94475.4995518833
168,1358.441532397793,1008.8821840558248,349.55934834196825,0.0,93466.61736782748
169,1358.441532397793,1012.6150481368313,345.8264842609617,0.0,92454.00231969065
170,1358.441532397793,1016.3617238149376,342.07980858285543,0.0,91437.64059587572
171,1358.441532397793,1020.1222621930528,338.3192702047402,0.0,90417.51833368267
172,1358.441532397793,1023.896714563167,334.5448178346259,0.0,89393.62161911951
173,1358.441532397793,1027.6851324070508,330.75639999074224,0.0,88365.93648671247
174,1358.441532397793,1031.4875673969568,326.95396500083615,0.0,87334.44891931552
175,1358.441532397793,1035.3040713963255,323.13746100146744,0.0,86299.14484791919
176,1358.441532397793,1039.134696460492,319.306835937301,0.0,85260.0101514587
177,1358.441532397793,1042.9794948373958,315.4620375603972,0.0,84217.03065662131
178,1358.441532397793,1046.8385189682942,311.60301342949884,0.0,83170.19213765302
179,1358.441532397793,1050.7118214884767,307.7297109093162,0.0,82119.48031616454
180,1358.441532397793,1054.5994552279842,303.8420771698088,0.0,81064.88086093655
181,1358.441532397793,1058.5014732123277,299.94005918546526,0.0,80006.37938772423
182,1358.441532397793,1062.4179286632134,296.02360373457964,0.0,78943.96145906101
183,1358.441532397793,1066.3488749992673,292.0926573985258,0.0,77877.61258406175
184,1358.441532397793,1070.2943658367644,288.1471665610285,0.0,76807.31821822499
185,1358.441532397793,1074.2544549903605,284.18707740743247,0.0,75733.06376323463
186,1358.441532397793,1078.229196473825,280.21233592396817,0.0,74654.83456676081
187,1358.441532397793,1082.218644500778,276.222887897015,0.0,73572.61592226003
188,1358.441532397793,1086.222853485431,272.2186789123621,0.0,72486.39306877459
189,1358.441532397793,1090.241878043327,268.19965435446596,0.0,71396.15119073127
190,1358.441532397793,1094.2757729920872,264.16575940570567,0.0,70301.87541773918
191,1358.441532397793,1098.324593352158,260.116939045635,0.0,69203.55082438703
192,1358.441532397793,1102.388394347561,256.053138050232,0.0,68101.16243003946
193,1358.441532397793,1106.467231406647,251.974300991146,0.0,66994.69519863282
194,1358.441532397793,1110.5611601628516,247.88037223494143,0.0,65884.13403846997
195,1358.441532397793,1114.6702364554542,243.7712959423389,0.0,64769.46380201452
196,1358.441532397793,1118.7945163303393,239.64701606745373,0.0,63650.669285684184
197,1358.441532397793,1122.9340560407616,235.5074763570315,0.0,62527.735229643426
198,1358.441532397793,1127.0889120481124,231.35262034968068,0.0,61400.64631759531
199,1358.441532397793,1131.2591410226903,227.18239137510267,0.0,60269.38717657262
200,1358.441532397793,1135.4447998444743,222.9967325533187,0.0,59133.94237672815
201,1358.441532397793,1139.6459456038988,218.79558679389416,0.0,57994.29643112425
202,1358.441532397793,1143.8626356026334,214.57889679515972,0.0,56850.43379552161
203,1358.441532397793,1148.094927354363,210.34660504342997,0.0,55702.338868167244
204,1358.441532397793,1152.3428785855742,206.0986538122188,0.0,54549.99598958167
205,1358.441532397793,1156.606547236341,201.83498516145218,0.0,53393.38944234533
206,1358.441532397793,1160.8859914611153,197.55554093667774,0.0,52232.503450884215
207,1358.441532397793,1165.1812696295215,193.26026276827162,0.0,51067.32218125469
208,1358.441532397793,1169.4924403271507,188.94909207064237,0.0,49897.82974092754
209,1358.441532397793,1173.819562356361,184.6219700414319,0.0,48724.01017857118
210,1358.441532397793,1178.1626947370796,180.27883766071338,0.0,47545.8474838341
211,1358.441532397793,1182.5218967076069,175.91963569018617,0.0,46363.32558712649
212,1358.441532397793,1186.897227725425,171.544304672368,0.0,45176.42835940107
213,1358.441532397793,1191.288747468009,167.15278492978396,0.0,43985.13961193306
214,1358.441532397793,1195.6965158336407,162.74501656415234,0.0,42789.44309609942
215,1358.441532397793,1200.1205929422251,158.32093945556787,0.0,41589.32250315719
216,1358.441532397793,1204.5610391361115,153.8804932616816,0.0,40384.76146402108
217,1358.441532397793,1209.017914980915,149.42361741687802,0.0,39175.74354904017
218,1358.441532397793,1213.4912812663445,144.95025113144862,0.0,37962.25226777382
219,1358.441532397793,1217.9811990070298,140.46033339076314,0.0,36744.27106876679
220,1358.441532397793,1222.4877294433559,135.95380295443715,0.0,35521.78333932344
221,1358.441532397793,1227.0109340422964,131.43059835549673,0.0,34294.772405281146
222,1358.441532397793,1231.5508744982528,126.89065789954024,0.0,33063.221530782896
223,1358.441532397793,1236.1076127338963,122.33391966389672,0.0,31827.113918049
224,1358.441532397793,1240.6812109010118,117.7603214967813,0.0,30586.432707147986
225,1358.441532397793,1245.2717313813455,113.16980101644755,0.0,29341.16097576664
226,1358.441532397793,1249.8792367874564,108.56229561033658,0.0,28091.281738979185
227,1358.441532397793,1254.50378996357,103.937742434223,0.0,26836.777949015617
228,1358.441532397793,1259.1454539864353,99.29607841135778,0.0,25577.632495029182
229,1358.441532397793,1263.804292166185,94.63724023160798,0.0,24313.828202863
230,1358.441532397793,1268.4803680472,89.9611643505931,0.0,23045.3478348158
231,1358.441532397793,1273.1737454089746,85.26778698881846,0.0,21772.174089406824
232,1358.441532397793,1277.8844882669878,80.55704413080525,0.0,20494.289601139837
233,1358.441532397793,1282.6126608735756,75.8288715242174,0.0,19211.67694026626
234,1358.441532397793,1287.358327718808,71.08320467898517,0.0,17924.318612547453
235,1358.441532397793,1292.1215535313675,66.31997886642559,0.0,16632.197059016085
236,1358.441532397793,1296.9024032794334,61.53912911835952,0.0,15335.294655736652
237,1358.441532397793,1301.7009421715675,56.74059022622561,0.0,14033.593713565086
238,1358.441532397793,1306.5172356576022,51.92429674019082,0.0,12727.076477907483
239,1358.441532397793,1311.3513494295353,47.09018296825769,0.0,11415.725128477949
240,1358.441532397793,1316.2033494224247,42.23818297536841,0.0,10099.521779055523
241,1358.441532397793,1321.0733018152876,37.36823058250544,0.0,8778.448477240236
242,1358.441532397793,1325.961273032004,32.480259365788875,0.0,7452.487204208232
243,1358.441532397793,1330.8673297422226,27.574202655570456,0.0,6121.619874466009
244,1358.441532397793,1335.7915388622687,22.64999353552423,0.0,4785.82833560374
245,1358.441532397793,1340.7339675560593,17.707564841733838,0.0,3445.0943680476807
246,1358.441532397793,1345.6946832360165,12.746849161776419,0.0,2099.399684811664
247,1358.441532397793,1350.67375356399,7.767778833803157,0.0,748.725931247674
248,751.4962171932904,748.725931247674,2.770285945616394,0.0,0.0
,387737.0585022566,263016.2740687524,124720.78443350266
